[
    {
        "path" : "/",
        "controller" : "Accueil",
        "action" : "index",
        "method" : "GET",
        "params" : [],
        "roles": []
    }, 
    {
        "path": "/cookie",
        "controller": "Visiteur",
        "action": "cookie",
        "method": "POST",
        "params": [],
        "roles": []
    },
    {
        "path" : "/accueil",
        "controller" : "Accueil",
        "action" : "accueilAdmin",
        "method" : "GET",
        "params" : [],
        "roles": ["administrateur"]
    },
    {
        "path" : "/photo-carousel",
        "controller" : "Accueil",
        "action" : "accueilPhotoCarousel",
        "method" : "POST",
        "params" : [],
        "roles": ["administrateur"]
    },
    {
        "path" : "/accueil-carte",
        "controller" : "Accueil",
        "action" : "accueilCarte",
        "method" : "POST",
        "params" : [],
        "roles": ["administrateur"]
    },
    {
        "path": "/accueil-deletePhoto",
        "controller": "Accueil",
        "action": "deletePhoto",
        "method": "POST",
        "params": [{"name": "id", "type": "int"}],
        "roles": ["administrateur"]
    },
    {
        "path": "/accueil-delete",
        "controller": "Accueil",
        "action": "delete",
        "method": "POST",
        "params": [{"name": "id", "type": "int"}],
        "roles": ["administrateur"]
    },
    {
        "path": "/accueil-update",
        "controller": "Accueil",
        "action": "update",
        "method": "POST",
        "params": [{"name": "id", "type": "int"}],
        "roles": ["administrateur"]
    },
    {
        "path": "/accueil-modifier",
        "controller": "Accueil",
        "action": "updateAccueil",
        "method": "POST",
        "params": [{"name": "id", "type": "int"}],
        "roles": ["administrateur"]
    },
    {
        "path" : "/evenement",
        "controller" : "Evenement",
        "action" : "index",
        "method" : "GET",
        "params" : [],
        "roles": []
    },
    {
        "path" : "/evenementAdmin",
        "controller" : "Evenement",
        "action" : "evenementAdmin",
        "method" : "GET",
        "params" : [],
        "roles": ["administrateur"]
    },
    {
        "path" : "/evenementCreer",
        "controller" : "Evenement",
        "action" : "nouvelleEvenement",
        "method" : "POST",
        "params" : [],
        "roles": ["administrateur"]
    },
    {
        "path" : "/evenementDelete",
        "controller" : "Evenement",
        "action" : "delete",
        "method" : "POST",
        "params" : [{"name": "id", "type": "int"}],
        "roles": ["administrateur"]
    },
    {
        "path" : "/evenement-update",
        "controller" : "Evenement",
        "action" : "update",
        "method" : "POST",
        "params" : [{"name": "id", "type": "int"}],
        "roles": ["administrateur"]
    },
    {
        "path": "/evenement-modifier",
        "controller": "Evenement",
        "action": "updateEvenement",
        "method": "POST",
        "params": [{"name": "id", "type": "int"}],
        "roles": ["administrateur"]
    },
    {
        "path" : "/apropos",
        "controller" : "Apropos",
        "action" : "index",
        "method" : "GET",
        "params" : [],
        "roles": []
    }, 
    {
        "path" : "/aproposAdmin",
        "controller" : "Apropos",
        "action" : "aproposAdmin",
        "method" : "GET",
        "params" : [],
        "roles": ["administrateur"]
    }, 
    {
        "path" : "/aproposPage",
        "controller" : "Apropos",
        "action" : "logoApropos",
        "method" : "POST",
        "params" : [],
        "roles": ["administrateur"]
    }, 
    {
        "path" : "/aproposUpdate",
        "controller" : "Apropos",
        "action" : "update",
        "method" : "POST",
        "params" : [],
        "roles": ["administrateur"]
    },
    {
        "path" : "/aproposModifier",
        "controller" : "Apropos",
        "action" : "modifier",
        "method" : "POST",
        "params": [{"name": "id", "type": "int"}],
        "roles": ["administrateur"]
    },   
    {
        "path" : "/aproposPartenairesPage",
        "controller" : "Apropos",
        "action" : "partenairesApropos",
        "method" : "POST",
        "params" : [],
        "roles": ["administrateur"]
    },
    {
        "path": "/aproposDelete",
        "controller": "Apropos",
        "action": "delete",
        "method": "POST",
        "params": [{"name": "id", "type": "int"}],
        "roles": ["administrateur"]
    }, 
    {
        "path" : "/contact",
        "controller" : "Contact",
        "action" : "index",
        "method" : "GET",
        "params" : [],
        "roles": []
    },
    {
        "path" : "/contactUpdate",
        "controller" : "Contact",
        "action" : "update",
        "method" : "POST",
        "params" : [],
        "roles": ["administrateur"]
    },
    {
        "path" : "/contactModifier",
        "controller" : "Contact",
        "action" : "modifier",
        "method" : "POST",
        "params": [{"name": "id", "type": "int"}],
        "roles": ["administrateur"]
    },    
    {
        "path" : "/contactAdmin",
        "controller" : "Contact",
        "action" : "contactAdmin",
        "method" : "GET",
        "params" : [],
        "roles": ["administrateur"]
    },
    {
        "path" : "/contactCreer",
        "controller" : "Contact",
        "action" : "nouveauContact",
        "method" : "POST",
        "params" : [],
        "roles": ["administrateur"]
    },
    {
        "path" : "/contactDelete",
        "controller" : "Contact",
        "action" : "delete",
        "method" : "POST",
        "params" : [{"name": "id", "type": "int"}],
        "roles": ["administrateur"]
    },
    {
        "path" : "/connexion",
        "controller" : "Connexion",
        "action" : "index",
        "method" : "GET",
        "params" : [],
        "roles": []
    },   
    {
        "path" : "/deconnexion",
        "controller" : "Connexion",
        "action" : "deconnexion",
        "method" : "GET",
        "params" : [],
        "roles": []
    }, 
    {
        "path" : "/connexion",
        "controller" : "Connexion",
        "action" : "connecter",
        "method" : "POST",
        "params" : [{"name":"email","type":"email"},{"name":"mot_de_passe","type":"password","lenght":5}],
        "roles": []
    }, 
    {
        "path" : "/inscription",
        "controller" : "Inscription",
        "action" : "index",
        "method" : "GET",
        "params" : [],
        "roles": []
    }, 
    {
        "path" : "/inscription",
        "controller" : "Inscription",
        "action" : "inscription",
        "method" : "POST",
        "params" : [],
        "roles": []
    }, 
    {
        "path": "/inscriptionVerif",
        "controller": "Inscription",
        "action": "inscriptionVerification",
        "method": "GET",
        "params": [],
        "roles": []
    },
    {
        "path" : "/compteAdmin",
        "controller" : "CompteAdmin",
        "action" : "index",
        "method" : "GET",
        "params" : [],
        "roles": ["administrateur"]
    }, 
    {
        "path": "/compteAdmin",
        "controller": "CompteAdmin",
        "action": "delete",
        "method": "POST",
        "params": [{"name": "id", "type": "int"}],
        "roles": ["administrateur"]
    },
    {
        "path" : "/utilisateurUpdate",
        "controller" : "CompteAdmin",
        "action" : "update",
        "method" : "POST",
        "params": [{"name": "id", "type": "int"}],
        "roles": ["administrateur"]
    },
    {
        "path" : "/utilisateurModifier",
        "controller" : "CompteAdmin",
        "action" : "modifier",
        "method" : "POST",
        "params": [{"name": "id", "type": "int"}],
        "roles": ["administrateur"]
    }
]



